id,duration,start_date,start_station,end_date,end_station,bike_number,sub_type,zip_code,birth_date,gender
1,9,"2011-07-28 10:12:00",23,"2011-07-28 10:12:00",23,B00468,Registered,"'97217",1976.0,Male
2,220,"2011-07-28 10:21:00",23,"2011-07-28 10:25:00",23,B00554,Registered,"'02215",1966.0,Male
3,56,"2011-07-28 10:33:00",23,"2011-07-28 10:34:00",23,B00456,Registered,"'02108",1943.0,Male
4,64,"2011-07-28 10:35:00",23,"2011-07-28 10:36:00",23,B00554,Registered,"'02116",1981.0,Female
5,12,"2011-07-28 10:37:00",23,"2011-07-28 10:37:00",23,B00554,Registered,"'97214",1983.0,Female
6,19,"2011-07-28 10:39:00",23,"2011-07-28 10:39:00",23,B00456,Registered,"'02021",1951.0,Male
7,24,"2011-07-28 10:47:00",23,"2011-07-28 10:47:00",23,B00554,Registered,"'02140",1971.0,Female
8,7,"2011-07-28 10:48:00",23,"2011-07-28 10:48:00",23,B00554,Registered,"'02140",1971.0,Female
9,8,"2011-07-28 11:01:00",23,"2011-07-28 11:01:00",23,B00554,Registered,"'97214",1983.0,Female
10,1108,"2011-07-28 11:55:00",47,"2011-07-28 12:13:00",40,B00550,Registered,"'01867",1994.0,Male
11,1055,"2011-07-28 11:55:00",47,"2011-07-28 12:13:00",40,B00580,Registered,"'01867",1956.0,Male
12,1042,"2011-07-28 11:55:00",47,"2011-07-28 12:12:00",40,B00539,Registered,"'01867",1959.0,Female
13,994,"2011-07-28 12:00:00",40,"2011-07-28 12:16:00",47,B00368,Casual,"","",""
14,15,"2011-07-28 12:00:00",22,"2011-07-28 12:00:00",22,B00442,Registered,"'02446",1982.0,Male
15,952,"2011-07-28 12:00:00",40,"2011-07-28 12:16:00",23,B00556,Registered,"'02128",1944.0,Male
16,32,"2011-07-28 12:00:00",22,"2011-07-28 12:01:00",22,B00316,Registered,"'02115",1960.0,Female
17,1261,"2011-07-28 12:00:00",22,"2011-07-28 12:21:00",45,B00454,Registered,"'02492",1975.0,Male
18,7,"2011-07-28 12:00:00",22,"2011-07-28 12:00:00",22,B00404,Registered,"'02446",1956.0,Male
19,1020,"2011-07-28 12:01:00",38,"2011-07-28 12:18:00",36,B00147,Registered,"'02118",1987.0,Female
20,1264,"2011-07-28 12:01:00",38,"2011-07-28 12:22:00",44,B00165,Registered,"'02139",1985.0,Female
21,1043,"2011-07-28 12:01:00",38,"2011-07-28 12:18:00",44,B00527,Registered,"'02351",1978.0,Male
22,969,"2011-07-28 12:01:00",22,"2011-07-28 12:17:00",44,B00487,Registered,"'02143",1971.0,Male
23,1582,"2011-07-28 12:01:00",38,"2011-07-28 12:27:00",10,B00093,Registered,"'02130",1980.0,Female
24,620,"2011-07-28 12:01:00",22,"2011-07-28 12:12:00",20,B00375,Registered,"'02474",1955.0,Female
25,7,"2011-07-28 12:02:00",22,"2011-07-28 12:02:00",22,B00275,Registered,"'02140",1971.0,Female
26,771,"2011-07-28 12:02:00",38,"2011-07-28 12:15:00",42,B00279,Registered,"'02108",1943.0,Male
27,1222,"2011-07-28 12:02:00",38,"2011-07-28 12:22:00",44,B00074,Registered,"'02143",1972.0,Female
28,4,"2011-07-28 12:02:00",22,"2011-07-28 12:02:00",22,B00137,Registered,"'01776",1949.0,Male
29,5,"2011-07-28 12:02:00",22,"2011-07-28 12:02:00",22,B00082,Registered,"'01880",1968.0,Male
30,824,"2011-07-28 12:02:00",22,"2011-07-28 12:16:00",38,B00460,Registered,"'02131",1967.0,Male
31,873,"2011-07-28 12:02:00",38,"2011-07-28 12:17:00",47,B00025,Registered,"'02115",1975.0,Female
32,1377,"2011-07-28 12:03:00",22,"2011-07-28 12:26:00",25,B00404,Registered,"'02446",1982.0,Male
33,1114,"2011-07-28 12:03:00",22,"2011-07-28 12:22:00",48,B00392,Registered,"'02144",1958.0,Male
34,16,"2011-07-28 12:03:00",22,"2011-07-28 12:04:00",22,B00198,Registered,"'02116",1976.0,Male
35,1655,"2011-07-28 12:04:00",22,"2011-07-28 12:32:00",36,B00316,Registered,"'02115",1960.0,Female
36,1953,"2011-07-28 12:05:00",22,"2011-07-28 12:37:00",31,B00069,Registered,"'02021",1951.0,Male
37,1989,"2011-07-28 12:05:00",22,"2011-07-28 12:38:00",31,B00298,Registered,"'02151",1987.0,Female
38,1015,"2011-07-28 12:06:00",22,"2011-07-28 12:23:00",36,B00543,Registered,"'02116",1981.0,Female
39,863,"2011-07-28 12:08:00",22,"2011-07-28 12:23:00",42,B00189,Registered,"'02127",1968.0,Male
40,6,"2011-07-28 12:09:00",16,"2011-07-28 12:09:00",16,B00533,Registered,"'02445",1958.0,Male
41,460,"2011-07-28 12:10:00",22,"2011-07-28 12:18:00",49,B00353,Registered,"'01880",1968.0,Male
42,724,"2011-07-28 12:11:00",22,"2011-07-28 12:23:00",40,B00442,Registered,"'02113",1973.0,Female
43,1624,"2011-07-28 12:14:00",40,"2011-07-28 12:41:00",20,B00550,Registered,"'01867",1994.0,Male
44,191,"2011-07-28 12:14:00",22,"2011-07-28 12:18:00",22,B00275,Registered,"'01876",1963.0,Female
45,1390,"2011-07-28 12:14:00",36,"2011-07-28 12:38:00",23,B00111,Registered,"'02114",1975.0,Male
46,1587,"2011-07-28 12:15:00",40,"2011-07-28 12:41:00",20,B00539,Registered,"'01867",1956.0,Male
47,1578,"2011-07-28 12:15:00",40,"2011-07-28 12:41:00",20,B00580,Registered,"'01867",1994.0,Female
48,2585,"2011-07-28 12:15:00",38,"2011-07-28 12:58:00",38,B00101,Registered,"'02492",1968.0,Male
49,899,"2011-07-28 12:16:00",22,"2011-07-28 12:31:00",49,B00082,Registered,"'01776",1949.0,Male
50,960,"2011-07-28 12:19:00",45,"2011-07-28 12:35:00",36,B00426,Registered,"'01742",1962.0,Male
51,782,"2011-07-28 12:20:00",22,"2011-07-28 12:33:00",20,B00359,Registered,"'01945",1943.0,Male
52,326,"2011-07-28 12:20:00",36,"2011-07-28 12:25:00",46,B00147,Registered,"'02118",1987.0,Female
53,376,"2011-07-28 12:23:00",45,"2011-07-28 12:29:00",10,B00454,Registered,"'02492",1975.0,Male
54,1556,"2011-07-28 12:24:00",45,"2011-07-28 12:50:00",16,B00131,Registered,"'02143",1981.0,Male
55,1681,"2011-07-28 12:25:00",5,"2011-07-28 12:53:00",23,B00231,Registered,"'02140",1967.0,Male
56,2121,"2011-07-28 12:27:00",40,"2011-07-28 13:02:00",40,B00358,Casual,"","",""
57,2702,"2011-07-28 12:25:00",22,"2011-07-28 13:10:00",14,B00058,Registered,"'01876",1963.0,Female
58,714,"2011-07-28 12:26:00",36,"2011-07-28 12:38:00",39,B00170,Registered,"'02116",1983.0,Male
59,674,"2011-07-28 12:27:00",36,"2011-07-28 12:38:00",39,B00543,Registered,"'02116",1981.0,Female
60,531,"2011-07-28 12:30:00",46,"2011-07-28 12:38:00",46,B00147,Registered,"'02118",1987.0,Female
61,1315,"2011-07-28 12:33:00",36,"2011-07-28 12:55:00",38,B00228,Casual,"","",""
62,50,"2011-07-28 12:31:00",3,"2011-07-28 12:32:00",3,B00071,Registered,"'02118",1967.0,Male
63,659,"2011-07-28 12:32:00",34,"2011-07-28 12:43:00",36,B00139,Registered,"'02143",1969.0,Male
64,15,"2011-07-28 12:32:00",23,"2011-07-28 12:32:00",23,B00062,Registered,"'97214",1983.0,Female
65,2656,"2011-07-28 12:37:00",23,"2011-07-28 13:21:00",38,B00062,Casual,"","",""
66,340,"2011-07-28 12:37:00",10,"2011-07-28 12:43:00",41,B00454,Registered,"'02492",1975.0,Male
67,427,"2011-07-28 12:39:00",42,"2011-07-28 12:46:00",36,B00279,Registered,"'01720",1966.0,Male
68,735,"2011-07-28 12:42:00",16,"2011-07-28 12:54:00",22,B00462,Registered,"'02140",1966.0,Male
69,3584,"2011-07-28 12:43:00",20,"2011-07-28 13:43:00",43,B00550,Registered,"'01867",1959.0,Female
70,2106,"2011-07-28 12:43:00",20,"2011-07-28 13:18:00",43,B00539,Registered,"'01867",1994.0,Female
71,3485,"2011-07-28 12:44:00",20,"2011-07-28 13:42:00",43,B00580,Registered,"'01867",1956.0,Male
72,955,"2011-07-28 12:45:00",42,"2011-07-28 13:01:00",10,B00189,Registered,"'02127",1968.0,Male
73,515,"2011-07-28 12:46:00",36,"2011-07-28 12:54:00",49,B00426,Registered,"'02116",1982.0,Female
74,2775,"2011-07-28 12:46:00",25,"2011-07-28 13:32:00",39,B00404,Registered,"'02446",1982.0,Male
75,2983,"2011-07-28 12:52:00",40,"2011-07-28 13:42:00",44,B00258,Casual,"","",""
76,3002,"2011-07-28 12:52:00",40,"2011-07-28 13:42:00",44,B00442,Casual,"","",""
77,515,"2011-07-28 12:56:00",36,"2011-07-28 13:05:00",34,B00279,Registered,"'02143",1969.0,Male
78,2020,"2011-07-28 12:59:00",36,"2011-07-28 13:33:00",36,B00139,Casual,"","",""
79,1385,"2011-07-28 13:01:00",36,"2011-07-28 13:24:00",38,B00316,Casual,"","",""
80,165,"2011-07-28 13:02:00",39,"2011-07-28 13:05:00",39,B00543,Registered,"'02143",1981.0,Male
81,172,"2011-07-28 13:04:00",31,"2011-07-28 13:06:00",43,B00069,Registered,"'01890",1978.0,Male
82,35,"2011-07-28 13:05:00",35,"2011-07-28 13:05:00",35,B00032,Registered,"'02118",1982.0,Male
83,586,"2011-07-28 13:05:00",39,"2011-07-28 13:15:00",36,B00170,Registered,"'02116",1983.0,Male
84,545,"2011-07-28 13:05:00",5,"2011-07-28 13:14:00",5,B00227,Registered,"'02139",1986.0,Male
85,125,"2011-07-28 13:05:00",48,"2011-07-28 13:07:00",48,B00261,Registered,"'01719",1971.0,Male
86,26,"2011-07-28 13:05:00",35,"2011-07-28 13:06:00",35,B00032,Registered,"'02118",1982.0,Male
87,541,"2011-07-28 13:06:00",39,"2011-07-28 13:15:00",36,B00543,Registered,"'02116",1981.0,Female
88,4,"2011-07-28 13:09:00",23,"2011-07-28 13:09:00",23,B00546,Registered,"'02135",1982.0,Male
89,1126,"2011-07-28 13:12:00",22,"2011-07-28 13:31:00",23,B00406,Casual,"","",""
90,3747,"2011-07-28 13:14:00",22,"2011-07-28 14:16:00",10,B00231,Registered,"'97214",1983.0,Female
91,1772,"2011-07-28 13:16:00",41,"2011-07-28 13:46:00",23,B00454,Casual,"","",""
92,300,"2011-07-28 13:15:00",36,"2011-07-28 13:20:00",42,B00170,Registered,"'01720",1966.0,Male
93,394,"2011-07-28 13:16:00",10,"2011-07-28 13:23:00",32,B00189,Registered,"'02492",1975.0,Male
94,16,"2011-07-28 13:18:00",31,"2011-07-28 13:18:00",31,B00298,Registered,"'02138",1972.0,Female
95,1472,"2011-07-28 13:18:00",16,"2011-07-28 13:43:00",38,B00131,Registered,"'02143",1981.0,Male
96,303,"2011-07-28 13:18:00",5,"2011-07-28 13:23:00",5,B00020,Registered,"'02139",1986.0,Male
97,1840,"2011-07-28 13:21:00",40,"2011-07-28 13:52:00",40,B00488,Registered,"'01760",1968.0,Male
98,817,"2011-07-28 13:21:00",43,"2011-07-28 13:35:00",43,B00539,Registered,"'01867",1994.0,Female
99,402,"2011-07-28 13:23:00",38,"2011-07-28 13:29:00",47,B00394,Registered,"'02130",1975.0,Male
100,389,"2011-07-28 13:25:00",23,"2011-07-28 13:32:00",44,B00392,Registered,"'02143",1985.0,Male
101,397,"2011-07-28 13:25:00",23,"2011-07-28 13:32:00",44,B00468,Registered,"'02143",1986.0,Female
102,953,"2011-07-28 13:28:00",46,"2011-07-28 13:43:00",45,B00147,Registered,"'02139",1986.0,Male
103,34,"2011-07-28 13:35:00",43,"2011-07-28 13:36:00",43,B00069,Registered,"'02140",1966.0,Male
104,650,"2011-07-28 13:38:00",23,"2011-07-28 13:49:00",23,B00111,Casual,"","",""
105,881,"2011-07-28 13:45:00",14,"2011-07-28 13:59:00",45,B00198,Casual,"","",""
106,862,"2011-07-28 13:45:00",14,"2011-07-28 13:59:00",45,B00058,Registered,"'01876",1963.0,Female
107,443,"2011-07-28 13:46:00",43,"2011-07-28 13:53:00",47,B00580,Registered,"'01867",1994.0,Female
108,421,"2011-07-28 13:46:00",43,"2011-07-28 13:53:00",47,B00539,Registered,"'01867",1959.0,Female
109,781,"2011-07-28 13:47:00",45,"2011-07-28 14:00:00",46,B00431,Registered,"'02139",1986.0,Male
110,416,"2011-07-28 13:47:00",43,"2011-07-28 13:54:00",47,B00550,Registered,"'01867",1956.0,Male
111,1203,"2011-07-28 13:48:00",20,"2011-07-28 14:08:00",23,B00375,Registered,"'02474",1955.0,Female
112,762,"2011-07-28 13:51:00",49,"2011-07-28 14:04:00",31,B00353,Registered,"'02474",1966.0,Male
113,487,"2011-07-28 13:55:00",5,"2011-07-28 14:03:00",5,B00042,Casual,"","",""
114,208,"2011-07-28 13:59:00",47,"2011-07-28 14:03:00",38,B00539,Registered,"'02130",1975.0,Male
115,2920,"2011-07-28 14:05:00",23,"2011-07-28 14:54:00",31,B00454,Registered,"'02151",1987.0,Female
116,1153,"2011-07-28 14:06:00",26,"2011-07-28 14:25:00",39,B00423,Casual,"","",""
117,1338,"2011-07-28 14:07:00",27,"2011-07-28 14:29:00",33,B00041,Casual,"","",""
118,1267,"2011-07-28 14:08:00",27,"2011-07-28 14:29:00",33,B00310,Casual,"","",""
119,1685,"2011-07-28 14:34:00",8,"2011-07-28 15:02:00",46,B00429,Registered,"'02134",1986.0,Male
120,5915,"2011-07-28 14:38:00",22,"2011-07-28 16:17:00",22,B00493,Casual,"","",""
121,1623,"2011-07-28 14:42:00",22,"2011-07-28 15:09:00",22,B00464,Casual,"","",""
122,1559,"2011-07-28 14:42:00",22,"2011-07-28 15:08:00",22,B00350,Casual,"","",""
123,199,"2011-07-28 15:02:00",33,"2011-07-28 15:05:00",10,B00041,Casual,"","",""
124,1236,"2011-07-28 15:02:00",31,"2011-07-28 15:22:00",42,B00298,Casual,"","",""
126,172,"2011-07-28 15:02:00",33,"2011-07-28 15:05:00",10,B00310,Casual,"","",""
127,1193,"2011-07-28 15:02:00",31,"2011-07-28 15:22:00",42,B00353,Casual,"","",""
129,943,"2011-07-28 15:02:00",22,"2011-07-28 15:18:00",40,B00552,Registered,"'02139",1986.0,Male
130,888,"2011-07-28 15:06:00",45,"2011-07-28 15:21:00",13,B00058,Casual,"","",""
131,1094,"2011-07-28 15:06:00",49,"2011-07-28 15:24:00",24,B00082,Registered,"'02116",1982.0,Female
132,1100,"2011-07-28 15:12:00",5,"2011-07-28 15:31:00",36,B00042,Casual,"","",""
133,1933,"2011-07-28 15:20:00",23,"2011-07-28 15:52:00",32,B00456,Casual,"","",""
134,1100,"2011-07-28 15:21:00",10,"2011-07-28 15:40:00",27,B00041,Casual,"","",""
135,1071,"2011-07-28 15:22:00",10,"2011-07-28 15:40:00",27,B00093,Casual,"","",""
136,1224,"2011-07-28 15:25:00",36,"2011-07-28 15:46:00",38,B00543,Registered,"'01742",1962.0,Male
137,3373,"2011-07-28 15:26:00",23,"2011-07-28 16:22:00",23,B00556,Casual,"","",""
138,7669,"2011-07-28 15:32:00",42,"2011-07-28 17:40:00",22,B00298,Casual,"","",""
139,319,"2011-07-28 15:32:00",36,"2011-07-28 15:37:00",42,B00042,Casual,"","",""
140,2973,"2011-07-28 15:41:00",41,"2011-07-28 16:31:00",41,B00585,Casual,"","",""
141,1044,"2011-07-28 15:42:00",42,"2011-07-28 15:59:00",42,B00042,Casual,"","",""
142,946,"2011-07-28 15:51:00",33,"2011-07-28 16:07:00",36,B00385,Registered,"'01545",1965.0,Male
143,731,"2011-07-28 15:51:00",40,"2011-07-28 16:03:00",22,B00514,Registered,"'02139",1986.0,Male
145,331,"2011-07-28 15:55:00",9,"2011-07-28 16:01:00",9,B00159,Casual,"","",""
146,386,"2011-07-28 15:55:00",24,"2011-07-28 16:01:00",48,B00082,Registered,"'02113",1986.0,Male
147,395,"2011-07-28 15:57:00",5,"2011-07-28 16:03:00",21,B00401,Registered,"'02215",1962.0,Male
148,232,"2011-07-28 16:01:00",35,"2011-07-28 16:05:00",48,B00196,Casual,"","",""
149,1063,"2011-07-28 16:03:00",42,"2011-07-28 16:21:00",5,B00042,Casual,"","",""
150,3156,"2011-07-28 16:03:00",49,"2011-07-28 16:56:00",24,B00426,Casual,"","",""
151,604,"2011-07-28 16:04:00",38,"2011-07-28 16:14:00",23,B00469,Casual,"","",""
152,635,"2011-07-28 16:05:00",10,"2011-07-28 16:16:00",36,B00231,Registered,"'02127",1968.0,Male
153,211,"2011-07-28 16:06:00",23,"2011-07-28 16:09:00",6,B00111,Registered,"'02114",1966.0,Male
154,722,"2011-07-28 16:08:00",22,"2011-07-28 16:20:00",24,B00462,Registered,"'02139",1986.0,Male
155,2605,"2011-07-28 16:12:00",49,"2011-07-28 16:55:00",24,B00246,Casual,"","",""
156,157,"2011-07-28 16:13:00",23,"2011-07-28 16:16:00",23,B00546,Registered,"'02130",1982.0,Female
157,158,"2011-07-28 16:15:00",3,"2011-07-28 16:18:00",14,B00190,Registered,"'02109",1987.0,Female
158,371,"2011-07-28 16:18:00",44,"2011-07-28 16:24:00",38,B00442,Casual,"","",""
159,423,"2011-07-28 16:17:00",22,"2011-07-28 16:24:00",44,B00472,Registered,"'02351",1978.0,Male
160,2951,"2011-07-28 16:19:00",12,"2011-07-28 17:10:00",12,B00120,Casual,"","",""
161,1003,"2011-07-28 16:18:00",22,"2011-07-28 16:35:00",38,B00464,Registered,"'01944",1982.0,Female
162,2946,"2011-07-28 16:21:00",12,"2011-07-28 17:10:00",12,B00095,Casual,"","",""
163,753,"2011-07-28 16:22:00",38,"2011-07-28 16:34:00",42,B00016,Registered,"'02144",1986.0,Male
165,1143,"2011-07-28 16:23:00",22,"2011-07-28 16:42:00",31,B00350,Registered,"'02144",1978.0,Male
166,4363,"2011-07-28 16:27:00",16,"2011-07-28 17:39:00",16,B00465,Casual,"","",""
167,1474,"2011-07-28 16:29:00",48,"2011-07-28 16:54:00",30,B00174,Casual,"","",""
169,330,"2011-07-28 16:34:00",42,"2011-07-28 16:40:00",16,B00353,Registered,"'02116",1979.0,Male
170,1485,"2011-07-28 16:36:00",38,"2011-07-28 17:01:00",32,B00187,Registered,"'02131",1967.0,Male
171,1740,"2011-07-28 16:37:00",39,"2011-07-28 17:06:00",24,B00034,Casual,"","",""
172,1642,"2011-07-28 16:36:00",47,"2011-07-28 17:04:00",33,B00223,Casual,"","",""
173,233,"2011-07-28 16:38:00",44,"2011-07-28 16:42:00",38,B00151,Registered,"'01719",1971.0,Male
174,2514,"2011-07-28 16:42:00",10,"2011-07-28 17:24:00",24,B00240,Casual,"","",""
175,2515,"2011-07-28 16:42:00",10,"2011-07-28 17:24:00",24,B00057,Casual,"","",""
176,627,"2011-07-28 16:42:00",3,"2011-07-28 16:52:00",16,B00002,Registered,"'02038",1974.0,Male
177,1616,"2011-07-28 16:44:00",44,"2011-07-28 17:11:00",38,B00474,Casual,"","",""
178,1240,"2011-07-28 16:44:00",36,"2011-07-28 17:05:00",36,B00385,Registered,"'02138",1947.0,Female
179,1577,"2011-07-28 16:45:00",44,"2011-07-28 17:11:00",38,B00013,Casual,"","",""
180,632,"2011-07-28 16:46:00",24,"2011-07-28 16:57:00",38,B00462,Casual,"","",""
181,413,"2011-07-28 16:48:00",22,"2011-07-28 16:55:00",40,B00275,Registered,"'02109",1987.0,Male
182,491,"2011-07-28 16:52:00",43,"2011-07-28 17:00:00",22,B00069,Registered,"'02360",1969.0,Female
183,695,"2011-07-28 16:54:00",42,"2011-07-28 17:05:00",43,B00170,Registered,"'02025",1971.0,Male
184,589,"2011-07-28 16:56:00",22,"2011-07-28 17:05:00",49,B00137,Registered,"'01890",1978.0,Male
185,317,"2011-07-28 16:57:00",21,"2011-07-28 17:02:00",33,B00542,Casual,"","",""
186,515,"2011-07-28 16:57:00",40,"2011-07-28 17:05:00",38,B00275,Registered,"'01740",1957.0,Male
187,655,"2011-07-28 16:57:00",3,"2011-07-28 17:08:00",25,B00414,Registered,"'02118",1985.0,Male
189,590,"2011-07-28 17:00:00",44,"2011-07-28 17:10:00",22,B00487,Registered,"'02351",1978.0,Male
190,1841,"2011-07-28 17:04:00",48,"2011-07-28 17:35:00",46,B00505,Casual,"","",""
191,1105,"2011-07-28 17:03:00",10,"2011-07-28 17:21:00",12,B00406,Registered,"'02130",1980.0,Female
192,688,"2011-07-28 17:05:00",48,"2011-07-28 17:16:00",24,B00150,Registered,"'02143",1981.0,Male
193,856,"2011-07-28 17:06:00",10,"2011-07-28 17:20:00",8,B00310,Registered,"'02135",1966.0,Female
194,102,"2011-07-28 17:10:00",49,"2011-07-28 17:11:00",49,B00137,Registered,"'01890",1978.0,Male
195,1299,"2011-07-28 17:10:00",23,"2011-07-28 17:32:00",33,B00469,Registered,"'02446",1971.0,Male
196,1721,"2011-07-28 17:13:00",26,"2011-07-28 17:42:00",13,B00026,Casual,"","",""
197,1158,"2011-07-28 17:13:00",40,"2011-07-28 17:33:00",38,B00339,Casual,"","",""
198,1443,"2011-07-28 17:12:00",35,"2011-07-28 17:36:00",33,B00215,Registered,"'02115",1988.0,Male
199,723,"2011-07-28 17:13:00",49,"2011-07-28 17:25:00",38,B00137,Registered,"'01890",1978.0,Male
200,758,"2011-07-28 17:13:00",39,"2011-07-28 17:25:00",22,B00040,Registered,"'02143",1981.0,Male
201,1425,"2011-07-28 17:16:00",9,"2011-07-28 17:40:00",9,B00329,Casual,"","",""
202,526,"2011-07-28 17:15:00",6,"2011-07-28 17:23:00",44,B00111,Registered,"'02114",1970.0,Male
203,1429,"2011-07-28 17:16:00",5,"2011-07-28 17:40:00",40,B00312,Casual,"","",""
204,1263,"2011-07-28 17:18:00",46,"2011-07-28 17:39:00",46,B00429,Casual,"","",""
205,536,"2011-07-28 17:18:00",34,"2011-07-28 17:27:00",36,B00279,Registered,"'02143",1969.0,Male
206,830,"2011-07-28 17:20:00",33,"2011-07-28 17:34:00",32,B00536,Casual,"","",""
207,909,"2011-07-28 17:20:00",32,"2011-07-28 17:35:00",27,B00189,Registered,"'02131",1967.0,Male
208,2174,"2011-07-28 17:23:00",38,"2011-07-28 17:59:00",38,B00464,Casual,"","",""
209,2156,"2011-07-28 17:24:00",38,"2011-07-28 17:59:00",38,B00013,Casual,"","",""
210,669,"2011-07-28 17:26:00",34,"2011-07-28 17:37:00",12,B00001,Casual,"","",""
211,227,"2011-07-28 17:27:00",35,"2011-07-28 17:31:00",44,B00136,Casual,"","",""
212,690,"2011-07-28 17:28:00",3,"2011-07-28 17:39:00",12,B00463,Registered,"'02131",1953.0,Male
213,1195,"2011-07-28 17:29:00",40,"2011-07-28 17:49:00",24,B00358,Casual,"","",""
214,4976,"2011-07-28 17:33:00",44,"2011-07-28 18:56:00",15,B00156,Casual,"","",""
215,1386,"2011-07-28 17:35:00",40,"2011-07-28 17:58:00",40,B00488,Casual,"","",""
216,1395,"2011-07-28 17:35:00",40,"2011-07-28 17:58:00",40,B00552,Casual,"","",""
217,762,"2011-07-28 17:34:00",25,"2011-07-28 17:47:00",42,B00340,Registered,"'02118",1959.0,Female
218,347,"2011-07-28 17:36:00",35,"2011-07-28 17:41:00",22,B00032,Registered,"'02474",1977.0,Male
219,324,"2011-07-28 17:36:00",35,"2011-07-28 17:41:00",22,B00076,Registered,"'02474",1980.0,Female
220,713,"2011-07-28 17:39:00",25,"2011-07-28 17:51:00",33,B00379,Casual,"","",""
221,713,"2011-07-28 17:40:00",23,"2011-07-28 17:52:00",24,B00375,Casual,"","",""
222,900,"2011-07-28 17:40:00",23,"2011-07-28 17:55:00",25,B00407,Registered,"'02118",1978.0,Female
223,4549,"2011-07-28 17:41:00",41,"2011-07-28 18:57:00",33,B00585,Casual,"","",""
224,577,"2011-07-28 17:40:00",33,"2011-07-28 17:50:00",41,B00215,Registered,"'02115",1988.0,Male
225,1085,"2011-07-28 17:42:00",48,"2011-07-28 18:00:00",38,B00082,Casual,"","",""
226,4140,"2011-07-28 17:45:00",16,"2011-07-28 18:54:00",36,B00507,Casual,"","",""
227,1161,"2011-07-28 17:43:00",41,"2011-07-28 18:02:00",36,B00528,Registered,"'02134",1980.0,Male
228,1685,"2011-07-28 17:45:00",35,"2011-07-28 18:13:00",8,B00056,Casual,"","",""
229,4136,"2011-07-28 17:45:00",16,"2011-07-28 18:54:00",36,B00360,Casual,"","",""
230,756,"2011-07-28 17:47:00",36,"2011-07-28 18:00:00",39,B00279,Registered,"'02118",1971.0,Male
231,1597,"2011-07-28 17:49:00",45,"2011-07-28 18:16:00",36,B00390,Casual,"","",""
232,1573,"2011-07-28 17:49:00",45,"2011-07-28 18:16:00",36,B00198,Casual,"","",""
233,656,"2011-07-28 17:50:00",38,"2011-07-28 18:01:00",22,B00474,Registered,"'02186",1974.0,Male
234,638,"2011-07-28 17:52:00",24,"2011-07-28 18:02:00",44,B00246,Casual,"","",""
235,362,"2011-07-28 17:51:00",13,"2011-07-28 17:57:00",26,B00026,Casual,"","",""
236,465,"2011-07-28 17:52:00",44,"2011-07-28 18:00:00",22,B00136,Casual,"","",""
237,34,"2011-07-28 17:54:00",17,"2011-07-28 17:55:00",17,B00236,Registered,"'02163",1986.0,Male
238,685,"2011-07-28 17:59:00",42,"2011-07-28 18:10:00",23,B00340,Casual,"","",""
239,1097,"2011-07-28 17:57:00",22,"2011-07-28 18:16:00",25,B00040,Registered,"'02118",1978.0,Female
240,1113,"2011-07-28 17:57:00",22,"2011-07-28 18:16:00",25,B00298,Registered,"'02118",1979.0,Female
241,1302,"2011-07-28 18:02:00",41,"2011-07-28 18:24:00",46,B00215,Casual,"","",""
242,569,"2011-07-28 18:02:00",36,"2011-07-28 18:11:00",42,B00385,Casual,"","",""
243,187,"2011-07-28 18:03:00",47,"2011-07-28 18:07:00",38,B00419,Casual,"","",""
244,1251,"2011-07-28 18:03:00",41,"2011-07-28 18:24:00",46,B00094,Casual,"","",""
245,3886,"2011-07-28 18:03:00",38,"2011-07-28 19:08:00",15,B00464,Casual,"","",""
246,3798,"2011-07-28 18:03:00",38,"2011-07-28 19:06:00",15,B00082,Casual,"","",""
247,3177,"2011-07-28 18:04:00",33,"2011-07-28 18:57:00",33,B00223,Casual,"","",""
248,952,"2011-07-28 18:04:00",36,"2011-07-28 18:20:00",27,B00353,Registered,"'02130",1984.0,Male
249,787,"2011-07-28 18:08:00",36,"2011-07-28 18:21:00",36,B00528,Registered,"'02116",1987.0,Male
250,192,"2011-07-28 18:10:00",10,"2011-07-28 18:13:00",9,B00008,Casual,"","",""
251,736,"2011-07-28 18:12:00",35,"2011-07-28 18:24:00",36,B00016,Casual,"","",""
252,1549,"2011-07-28 18:14:00",42,"2011-07-28 18:39:00",42,B00385,Casual,"","",""
253,569,"2011-07-28 18:14:00",23,"2011-07-28 18:23:00",35,B00556,Casual,"","",""
254,970,"2011-07-28 18:14:00",23,"2011-07-28 18:31:00",23,B00546,Casual,"","",""
255,1050,"2011-07-28 18:14:00",27,"2011-07-28 18:32:00",30,B00189,Casual,"","",""
256,1265,"2011-07-28 18:18:00",25,"2011-07-28 18:40:00",25,B00298,Registered,"'02118",1981.0,Male
257,835,"2011-07-28 18:19:00",36,"2011-07-28 18:33:00",9,B00390,Registered,"'02116",1983.0,Male
258,784,"2011-07-28 18:20:00",36,"2011-07-28 18:33:00",9,B00198,Registered,"'02116",1981.0,Female
259,6481,"2011-07-28 18:24:00",26,"2011-07-28 20:12:00",26,B00046,Casual,"","",""
260,1490,"2011-07-28 18:22:00",38,"2011-07-28 18:47:00",32,B00131,Registered,"'02130",1975.0,Male
261,408,"2011-07-28 18:25:00",39,"2011-07-28 18:32:00",16,B00279,Casual,"","",""
262,1028,"2011-07-28 18:24:00",16,"2011-07-28 18:42:00",22,B00562,Registered,"'02127",1968.0,Male
263,1016,"2011-07-28 18:29:00",5,"2011-07-28 18:46:00",46,B00565,Casual,"","",""
264,1955,"2011-07-28 18:29:00",3,"2011-07-28 19:02:00",22,B00071,Registered,"'02118",1967.0,Male
265,267,"2011-07-28 18:32:00",46,"2011-07-28 18:36:00",46,B00215,Registered,"'02118",1989.0,Male
266,2732,"2011-07-28 18:34:00",45,"2011-07-28 19:19:00",45,B00409,Casual,"","",""
267,1592,"2011-07-28 18:35:00",35,"2011-07-28 19:01:00",36,B00556,Casual,"","",""
268,463,"2011-07-28 18:35:00",48,"2011-07-28 18:42:00",6,B00457,Registered,"'02118",1982.0,Male
269,2278,"2011-07-28 18:35:00",38,"2011-07-28 19:13:00",9,B00364,Registered,"'02143",1972.0,Male
270,2452,"2011-07-28 18:39:00",45,"2011-07-28 19:20:00",45,B00052,Casual,"","",""
271,222,"2011-07-28 18:39:00",9,"2011-07-28 18:43:00",41,B00390,Registered,"'02116",1983.0,Male
272,198,"2011-07-28 18:40:00",9,"2011-07-28 18:43:00",41,B00198,Registered,"'02116",1981.0,Female
273,1483,"2011-07-28 18:41:00",42,"2011-07-28 19:06:00",42,B00385,Casual,"","",""
274,787,"2011-07-28 18:42:00",36,"2011-07-28 18:55:00",22,B00528,Registered,"'02359",1980.0,Male
275,4570,"2011-07-28 18:46:00",47,"2011-07-28 20:02:00",47,B00081,Casual,"","",""
276,4559,"2011-07-28 18:47:00",47,"2011-07-28 20:03:00",47,B00479,Casual,"","",""
277,684,"2011-07-28 18:47:00",8,"2011-07-28 18:59:00",18,B00425,Casual,"","",""
278,5273,"2011-07-28 18:49:00",46,"2011-07-28 20:17:00",46,B00215,Casual,"","",""
279,731,"2011-07-28 18:48:00",23,"2011-07-28 19:01:00",49,B00232,Registered,"'02155",1971.0,Male
280,5274,"2011-07-28 18:49:00",46,"2011-07-28 20:17:00",46,B00505,Casual,"","",""
281,431,"2011-07-28 18:49:00",32,"2011-07-28 18:56:00",30,B00187,Registered,"'02130",1975.0,Male
282,1254,"2011-07-28 18:50:00",46,"2011-07-28 19:11:00",46,B00565,Casual,"","",""
283,964,"2011-07-28 18:56:00",13,"2011-07-28 19:12:00",45,B00058,Casual,"","",""
284,1429,"2011-07-28 18:55:00",25,"2011-07-28 19:19:00",38,B00040,Casual,"","",""
285,705,"2011-07-28 18:55:00",45,"2011-07-28 19:07:00",33,B00132,Registered,"'02215",1977.0,Male
286,954,"2011-07-28 18:59:00",21,"2011-07-28 19:15:00",49,B00401,Casual,"","",""
287,915,"2011-07-28 18:59:00",21,"2011-07-28 19:14:00",49,B00306,Casual,"","",""
288,805,"2011-07-28 19:03:00",24,"2011-07-28 19:16:00",23,B00150,Casual,"","",""
289,1689,"2011-07-28 19:00:00",48,"2011-07-28 19:28:00",8,B00196,Registered,"'02135",1980.0,Male
290,821,"2011-07-28 19:02:00",24,"2011-07-28 19:16:00",23,B00375,Casual,"","",""
291,784,"2011-07-28 19:03:00",24,"2011-07-28 19:16:00",23,B00358,Casual,"","",""
292,582,"2011-07-28 19:03:00",24,"2011-07-28 19:13:00",22,B00426,Registered,"'02420",1958.0,Male
293,307,"2011-07-28 19:04:00",20,"2011-07-28 19:09:00",6,B00359,Registered,"'02114",1970.0,Male
294,483,"2011-07-28 19:05:00",13,"2011-07-28 19:13:00",16,B00455,Casual,"","",""
295,235,"2011-07-28 19:05:00",36,"2011-07-28 19:09:00",42,B00556,Registered,"'02144",1986.0,Male
296,411,"2011-07-28 19:09:00",33,"2011-07-28 19:16:00",45,B00473,Registered,"'02215",1977.0,Male
297,758,"2011-07-28 19:11:00",42,"2011-07-28 19:24:00",42,B00385,Casual,"","",""
298,709,"2011-07-28 19:12:00",39,"2011-07-28 19:24:00",25,B00389,Registered,"'02118",1956.0,Male
299,865,"2011-07-28 19:12:00",6,"2011-07-28 19:27:00",42,B00457,Registered,"'02114",1970.0,Male
300,356,"2011-07-28 19:13:00",46,"2011-07-28 19:19:00",5,B00565,Casual,"","",""
301,426,"2011-07-28 19:14:00",47,"2011-07-28 19:21:00",47,B00580,Registered,"'02135",1951.0,Female
302,1033,"2011-07-28 19:15:00",41,"2011-07-28 19:32:00",36,B00390,Registered,"'02116",1983.0,Male
303,1026,"2011-07-28 19:15:00",41,"2011-07-28 19:32:00",36,B00198,Registered,"'02116",1981.0,Female
304,3488,"2011-07-28 19:17:00",15,"2011-07-28 20:15:00",15,B00346,Casual,"","",""
305,1615,"2011-07-28 19:17:00",23,"2011-07-28 19:44:00",23,B00340,Registered,"'02114",1986.0,Male
306,1678,"2011-07-28 19:18:00",15,"2011-07-28 19:46:00",8,B00464,Casual,"","",""
307,1603,"2011-07-28 19:18:00",23,"2011-07-28 19:44:00",23,B00557,Registered,"'02114",1986.0,Female
308,769,"2011-07-28 19:18:00",23,"2011-07-28 19:31:00",36,B00150,Casual,"","",""
309,1644,"2011-07-28 19:18:00",15,"2011-07-28 19:46:00",8,B00082,Casual,"","",""
310,726,"2011-07-28 19:19:00",23,"2011-07-28 19:31:00",36,B00546,Casual,"","",""
311,1191,"2011-07-28 19:26:00",42,"2011-07-28 19:46:00",42,B00385,Casual,"","",""
312,1780,"2011-07-28 19:26:00",8,"2011-07-28 19:55:00",23,B00036,Registered,"'02143",1979.0,Male
313,603,"2011-07-28 19:26:00",25,"2011-07-28 19:36:00",25,B00407,Registered,"'02118",1956.0,Male
314,632,"2011-07-28 19:26:00",49,"2011-07-28 19:37:00",23,B00232,Registered,"'02111",1980.0,Male
315,1633,"2011-07-28 19:27:00",35,"2011-07-28 19:55:00",45,B00363,Casual,"","",""
316,1431,"2011-07-28 19:29:00",40,"2011-07-28 19:53:00",5,B00312,Casual,"","",""
317,427,"2011-07-28 19:36:00",9,"2011-07-28 19:43:00",33,B00083,Casual,"","",""
318,1386,"2011-07-28 19:39:00",23,"2011-07-28 20:02:00",33,B00358,Registered,"'02215",1983.0,Male
319,456,"2011-07-28 19:39:00",25,"2011-07-28 19:46:00",49,B00366,Registered,"'02118",1989.0,Male
320,873,"2011-07-28 19:39:00",42,"2011-07-28 19:54:00",33,B00556,Registered,"'02114",1986.0,Male
321,2363,"2011-07-28 19:42:00",45,"2011-07-28 20:21:00",33,B00409,Casual,"","",""
322,871,"2011-07-28 19:43:00",38,"2011-07-28 19:58:00",42,B00040,Registered,"'02118",1982.0,Male
323,866,"2011-07-28 19:45:00",33,"2011-07-28 20:00:00",42,B00132,Casual,"","",""
324,683,"2011-07-28 19:46:00",14,"2011-07-28 19:58:00",46,B00190,Casual,"","",""
325,3715,"2011-07-28 19:49:00",47,"2011-07-28 20:51:00",47,B00025,Registered,"'02113",1973.0,Female
326,730,"2011-07-28 19:50:00",36,"2011-07-28 20:02:00",41,B00198,Registered,"'02134",1980.0,Male
327,3645,"2011-07-28 19:50:00",47,"2011-07-28 20:51:00",47,B00368,Registered,"'02113",1974.0,Male
328,4127,"2011-07-28 19:53:00",49,"2011-07-28 21:01:00",49,B00306,Casual,"","",""
329,4119,"2011-07-28 19:53:00",49,"2011-07-28 21:01:00",49,B00401,Casual,"","",""
330,3223,"2011-07-28 19:56:00",23,"2011-07-28 20:50:00",41,B00355,Casual,"","",""
331,1150,"2011-07-28 19:56:00",23,"2011-07-28 20:15:00",23,B00232,Registered,"'02115",1959.0,Male
332,782,"2011-07-28 20:00:00",22,"2011-07-28 20:13:00",49,B00071,Registered,"'02116",1976.0,Male
333,639,"2011-07-28 20:03:00",9,"2011-07-28 20:14:00",8,B00159,Casual,"","",""
334,582,"2011-07-28 20:05:00",9,"2011-07-28 20:14:00",8,B00554,Casual,"","",""
335,287,"2011-07-28 20:03:00",42,"2011-07-28 20:08:00",49,B00132,Casual,"","",""
336,7,"2011-07-28 20:04:00",3,"2011-07-28 20:04:00",3,B00214,Registered,"'02113",1986.0,Male
337,862,"2011-07-28 20:04:00",3,"2011-07-28 20:18:00",42,B00330,Registered,"'02113",1986.0,Male
338,782,"2011-07-28 20:05:00",36,"2011-07-28 20:18:00",22,B00360,Registered,"'02115",1988.0,Male
339,236,"2011-07-28 20:05:00",33,"2011-07-28 20:09:00",10,B00083,Registered,"'02215",1983.0,Male
340,974,"2011-07-28 20:06:00",21,"2011-07-28 20:22:00",38,B00218,Registered,"'01886",1968.0,Male
341,652,"2011-07-28 20:07:00",45,"2011-07-28 20:18:00",46,B00415,Registered,"'02215",1984.0,Male
342,2226,"2011-07-28 20:08:00",36,"2011-07-28 20:45:00",36,B00016,Casual,"","",""
343,1078,"2011-07-28 20:09:00",35,"2011-07-28 20:27:00",36,B00280,Casual,"","",""
344,1466,"2011-07-28 20:19:00",24,"2011-07-28 20:43:00",23,B00240,Casual,"","",""
345,1455,"2011-07-28 20:19:00",24,"2011-07-28 20:43:00",23,B00057,Casual,"","",""
346,3040,"2011-07-28 20:21:00",39,"2011-07-28 21:12:00",47,B00301,Casual,"","",""
347,300,"2011-07-28 20:33:00",49,"2011-07-28 20:38:00",36,B00366,Registered,"'02118",1989.0,Male
348,768,"2011-07-28 20:34:00",8,"2011-07-28 20:47:00",41,B00486,Casual,"","",""
349,701,"2011-07-28 20:34:00",8,"2011-07-28 20:46:00",41,B00149,Casual,"","",""
350,5625,"2011-07-28 20:38:00",23,"2011-07-28 22:12:00",40,B00036,Casual,"","",""
351,1183,"2011-07-28 20:40:00",8,"2011-07-28 20:59:00",18,B00310,Casual,"","",""
352,1201,"2011-07-28 20:39:00",8,"2011-07-28 20:59:00",18,B00007,Casual,"","",""
353,394,"2011-07-28 20:41:00",5,"2011-07-28 20:48:00",46,B00042,Casual,"","",""
354,1190,"2011-07-28 20:42:00",25,"2011-07-28 21:02:00",25,B00298,Registered,"'02116",1973.0,Female
355,534,"2011-07-28 20:43:00",46,"2011-07-28 20:51:00",45,B00431,Registered,"'02215",1984.0,Male
357,938,"2011-07-28 20:47:00",36,"2011-07-28 21:03:00",49,B00507,Casual,"","",""
358,829,"2011-07-28 20:49:00",36,"2011-07-28 21:03:00",49,B00280,Casual,"","",""
359,447,"2011-07-28 21:01:00",21,"2011-07-28 21:09:00",25,B00278,Registered,"'02118",1989.0,Male
360,437,"2011-07-28 21:03:00",23,"2011-07-28 21:10:00",6,B00232,Casual,"","",""
361,2575,"2011-07-28 21:05:00",25,"2011-07-28 21:47:00",43,B00389,Registered,"'02116",1973.0,Female
362,1751,"2011-07-28 21:06:00",16,"2011-07-28 21:36:00",6,B00274,Registered,"'02114",1970.0,Male
363,593,"2011-07-28 21:07:00",9,"2011-07-28 21:16:00",8,B00053,Registered,"'02135",1961.0,Male
364,596,"2011-07-28 21:19:00",26,"2011-07-28 21:29:00",26,B00066,Casual,"","",""
365,578,"2011-07-28 21:18:00",26,"2011-07-28 21:28:00",26,B00400,Casual,"","",""
366,859,"2011-07-28 21:25:00",47,"2011-07-28 21:39:00",43,B00580,Casual,"","",""
367,833,"2011-07-28 21:25:00",47,"2011-07-28 21:39:00",43,B00045,Casual,"","",""
368,1202,"2011-07-28 21:31:00",23,"2011-07-28 21:51:00",36,B00057,Casual,"","",""
369,1161,"2011-07-28 21:31:00",23,"2011-07-28 21:51:00",36,B00557,Casual,"","",""
370,464,"2011-07-28 21:35:00",46,"2011-07-28 21:43:00",5,B00429,Casual,"","",""
371,386,"2011-07-28 21:42:00",25,"2011-07-28 21:48:00",25,B00414,Registered,"'02118",1982.0,Male
372,2569,"2011-07-28 21:46:00",40,"2011-07-28 22:29:00",40,B00276,Casual,"","",""
373,2568,"2011-07-28 21:46:00",40,"2011-07-28 22:29:00",40,B00396,Casual,"","",""
374,298,"2011-07-28 21:47:00",42,"2011-07-28 21:51:00",36,B00330,Casual,"","",""
375,321,"2011-07-28 21:46:00",42,"2011-07-28 21:52:00",36,B00385,Casual,"","",""
376,678,"2011-07-28 21:51:00",22,"2011-07-28 22:02:00",39,B00360,Casual,"","",""
377,477,"2011-07-28 21:56:00",43,"2011-07-28 22:04:00",23,B00580,Casual,"","",""
378,516,"2011-07-28 21:56:00",43,"2011-07-28 22:05:00",23,B00045,Casual,"","",""
379,3486,"2011-07-28 21:55:00",43,"2011-07-28 22:53:00",25,B00389,Registered,"'02116",1973.0,Female
380,1260,"2011-07-28 21:57:00",46,"2011-07-28 22:18:00",22,B00190,Registered,"'02140",1972.0,Male
381,1515,"2011-07-28 22:01:00",32,"2011-07-28 22:26:00",32,B00131,Casual,"","",""
382,1552,"2011-07-28 22:00:00",32,"2011-07-28 22:26:00",32,B00456,Casual,"","",""
383,803,"2011-07-28 22:02:00",42,"2011-07-28 22:16:00",3,B00457,Registered,"'02113",1986.0,Male
384,1346,"2011-07-28 22:04:00",8,"2011-07-28 22:26:00",9,B00411,Casual,"","",""
385,1274,"2011-07-28 22:05:00",8,"2011-07-28 22:26:00",9,B00349,Casual,"","",""
386,711,"2011-07-28 22:13:00",12,"2011-07-28 22:25:00",12,B00492,Casual,"","",""
387,679,"2011-07-28 22:13:00",12,"2011-07-28 22:25:00",12,B00095,Casual,"","",""
388,1599,"2011-07-28 22:14:00",33,"2011-07-28 22:40:00",36,B00223,Registered,"'02129",1980.0,Male
389,1593,"2011-07-28 22:14:00",33,"2011-07-28 22:40:00",36,B00124,Registered,"'02129",1981.0,Female
390,543,"2011-07-28 22:16:00",12,"2011-07-28 22:25:00",12,B00122,Casual,"","",""
391,1352,"2011-07-28 22:22:00",35,"2011-07-28 22:44:00",21,B00439,Casual,"","",""
392,1381,"2011-07-28 22:21:00",35,"2011-07-28 22:44:00",21,B00121,Casual,"","",""
393,1836,"2011-07-28 22:23:00",44,"2011-07-28 22:53:00",36,B00110,Casual,"","",""
394,1375,"2011-07-28 22:23:00",6,"2011-07-28 22:46:00",41,B00359,Casual,"","",""
395,1834,"2011-07-28 22:23:00",44,"2011-07-28 22:54:00",36,B00024,Casual,"","",""
396,36,"2011-07-28 22:36:00",43,"2011-07-28 22:37:00",43,B00170,Registered,"'02446",1983.0,Female
397,1420,"2011-07-28 22:40:00",47,"2011-07-28 23:04:00",24,B00025,Casual,"","",""
398,793,"2011-07-28 22:42:00",36,"2011-07-28 22:55:00",33,B00231,Registered,"'02129",1981.0,Female
399,789,"2011-07-28 22:42:00",36,"2011-07-28 22:55:00",33,B00557,Registered,"'02129",1980.0,Male
400,723,"2011-07-28 22:52:00",31,"2011-07-28 23:04:00",35,B00454,Registered,"'02144",1978.0,Male
401,1241,"2011-07-28 22:54:00",21,"2011-07-28 23:14:00",21,B00121,Casual,"","",""
402,1234,"2011-07-28 22:54:00",21,"2011-07-28 23:14:00",21,B00439,Casual,"","",""
403,851,"2011-07-28 22:54:00",43,"2011-07-28 23:08:00",25,B00170,Registered,"'02118",1980.0,Male
404,230,"2011-07-28 22:58:00",23,"2011-07-28 23:01:00",23,B00375,Registered,"'02116",1976.0,Male
405,1700,"2011-07-28 23:05:00",47,"2011-07-28 23:33:00",36,B00394,Casual,"","",""
406,1534,"2011-07-28 23:08:00",47,"2011-07-28 23:34:00",36,B00550,Casual,"","",""
407,1775,"2011-07-28 23:09:00",22,"2011-07-28 23:38:00",12,B00426,Casual,"","",""
408,5774,"2011-07-28 23:15:00",21,"2011-07-29 00:52:00",38,B00217,Casual,"","",""
409,1549,"2011-07-28 23:33:00",45,"2011-07-28 23:59:00",45,B00052,Casual,"","",""
410,210,"2011-07-28 23:32:00",17,"2011-07-28 23:36:00",17,B00050,Registered,"'02163",1986.0,Male
411,1549,"2011-07-28 23:33:00",45,"2011-07-28 23:59:00",45,B00431,Casual,"","",""
412,1291,"2011-07-28 23:38:00",23,"2011-07-28 23:59:00",21,B00316,Casual,"","",""
415,592,"2011-07-28 23:39:00",33,"2011-07-28 23:49:00",42,B00585,Registered,"'02113",1986.0,Male
416,590,"2011-07-28 23:39:00",33,"2011-07-28 23:49:00",42,B00557,Registered,"'02114",1986.0,Male
417,1073,"2011-07-28 23:42:00",23,"2011-07-29 00:00:00",21,B00045,Casual,"","",""
418,705,"2011-07-28 23:51:00",44,"2011-07-29 00:03:00",16,B00258,Casual,"","",""
419,696,"2011-07-28 23:51:00",49,"2011-07-29 00:03:00",25,B00280,Registered,"'02118",1959.0,Female
420,743,"2011-07-28 23:51:00",42,"2011-07-29 00:04:00",47,B00557,Registered,"'02113",1986.0,Male
421,1266,"2011-07-28 23:55:00",38,"2011-07-29 00:16:00",33,B00218,Casual,"","",""
422,2929,"2011-07-28 23:56:00",47,"2011-07-29 00:45:00",17,B00368,Casual,"","",""
423,2803,"2011-07-28 23:59:00",47,"2011-07-29 00:46:00",17,B00081,Casual,"","",""
424,2781,"2011-07-28 23:59:00",47,"2011-07-29 00:46:00",17,B00479,Casual,"","",""
425,3611,"2011-07-29 00:05:00",33,"2011-07-29 01:05:00",41,B00231,Casual,"","",""
426,4108,"2011-07-29 00:05:00",33,"2011-07-29 01:13:00",33,B00469,Casual,"","",""
427,226,"2011-07-29 00:09:00",30,"2011-07-29 00:12:00",11,B00187,Registered,"'02446",1983.0,Male
428,8199,"2011-07-29 00:14:00",42,"2011-07-29 02:30:00",42,B00040,Casual,"","",""
429,1540,"2011-07-29 00:15:00",11,"2011-07-29 00:40:00",11,B00187,Registered,"'02446",1983.0,Male
430,2792,"2011-07-29 00:17:00",32,"2011-07-29 01:04:00",32,B00131,Casual,"","",""
431,2780,"2011-07-29 00:17:00",32,"2011-07-29 01:04:00",32,B00536,Casual,"","",""
432,677,"2011-07-29 00:42:00",22,"2011-07-29 00:53:00",40,B00514,Casual,"","",""
433,657,"2011-07-29 00:42:00",22,"2011-07-29 00:53:00",40,B00190,Casual,"","",""
434,869,"2011-07-29 01:12:00",36,"2011-07-29 01:26:00",47,B00124,Registered,"'02113",1970.0,Male
435,2310,"2011-07-29 01:27:00",33,"2011-07-29 02:05:00",41,B00218,Casual,"","",""
437,1162,"2011-07-29 01:44:00",24,"2011-07-29 02:04:00",47,B00025,Casual,"","",""
438,1151,"2011-07-29 01:45:00",24,"2011-07-29 02:04:00",47,B00034,Casual,"","",""
440,1511,"2011-07-29 02:11:00",8,"2011-07-29 02:38:00",42,B00196,Casual,"","",""
441,274,"2011-07-29 02:23:00",39,"2011-07-29 02:27:00",39,B00423,Registered,"'02118",1974.0,Male
442,392,"2011-07-29 04:54:00",41,"2011-07-29 05:01:00",10,B00198,Casual,"","",""
444,1619,"2011-07-29 05:36:00",22,"2011-07-29 06:03:00",22,B00493,Casual,"","",""
445,1646,"2011-07-29 05:36:00",22,"2011-07-29 06:04:00",22,B00485,Casual,"","",""
446,212,"2011-07-29 06:07:00",22,"2011-07-29 06:10:00",48,B00474,Registered,"'02351",1978.0,Male
447,1112,"2011-07-29 06:21:00",36,"2011-07-29 06:39:00",14,B00390,Registered,"'02116",1979.0,Female
448,427,"2011-07-29 06:30:00",38,"2011-07-29 06:37:00",48,B00217,Casual,"","",""
449,424,"2011-07-29 06:42:00",22,"2011-07-29 06:49:00",42,B00562,Registered,"'02025",1971.0,Male
450,9703,"2011-07-29 06:57:00",22,"2011-07-29 09:38:00",48,B00485,Casual,"","",""
451,597,"2011-07-29 07:01:00",16,"2011-07-29 07:11:00",13,B00466,Casual,"","",""
452,782,"2011-07-29 07:04:00",23,"2011-07-29 07:17:00",23,B00580,Registered,"'02134",1985.0,Male
453,298,"2011-07-29 07:11:00",40,"2011-07-29 07:16:00",48,B00514,Casual,"","",""
454,505,"2011-07-29 07:12:00",38,"2011-07-29 07:21:00",35,B00339,Casual,"","",""
455,723,"2011-07-29 07:27:00",22,"2011-07-29 07:39:00",36,B00528,Registered,"'02359",1980.0,Male
456,481,"2011-07-29 07:28:00",22,"2011-07-29 07:36:00",6,B00136,Registered,"'02035",1963.0,Female
457,512,"2011-07-29 07:29:00",38,"2011-07-29 07:37:00",35,B00539,Registered,"'02176",1960.0,Male
458,551,"2011-07-29 07:31:00",22,"2011-07-29 07:40:00",6,B00076,Registered,"'02458",1961.0,Male
459,267,"2011-07-29 07:31:00",23,"2011-07-29 07:36:00",35,B00580,Registered,"'02446",1978.0,Male
461,167,"2011-07-29 07:39:00",36,"2011-07-29 07:42:00",16,B00394,Registered,"'02474",1946.0,Male
462,875,"2011-07-29 07:39:00",6,"2011-07-29 07:54:00",36,B00232,Registered,"'02114",1983.0,Male
463,639,"2011-07-29 07:41:00",39,"2011-07-29 07:51:00",35,B00099,Casual,"","",""
464,920,"2011-07-29 07:39:00",46,"2011-07-29 07:55:00",41,B00505,Registered,"'02118",1989.0,Male
465,321,"2011-07-29 07:41:00",42,"2011-07-29 07:46:00",16,B00196,Casual,"","",""
466,285,"2011-07-29 07:45:00",35,"2011-07-29 07:50:00",43,B00539,Casual,"","",""
467,604,"2011-07-29 07:45:00",38,"2011-07-29 07:55:00",43,B00304,Registered,"'01890",1978.0,Male
468,1502,"2011-07-29 07:45:00",47,"2011-07-29 08:10:00",25,B00124,Registered,"'02116",1976.0,Male
469,280,"2011-07-29 07:45:00",23,"2011-07-29 07:50:00",23,B00340,Registered,"'02124",1979.0,Male
470,370,"2011-07-29 07:46:00",38,"2011-07-29 07:52:00",43,B00460,Casual,"","",""
471,818,"2011-07-29 07:46:00",16,"2011-07-29 08:00:00",48,B00490,Registered,"'02143",1981.0,Male
472,827,"2011-07-29 07:49:00",38,"2011-07-29 08:03:00",35,B00228,Casual,"","",""
473,361,"2011-07-29 07:49:00",38,"2011-07-29 07:55:00",31,B00547,Registered,"'01719",1971.0,Male
474,334,"2011-07-29 07:51:00",38,"2011-07-29 07:57:00",40,B00151,Registered,"'01740",1957.0,Male
475,393,"2011-07-29 07:55:00",33,"2011-07-29 08:02:00",5,B00379,Registered,"'02215",1962.0,Male
476,6064,"2011-07-29 07:58:00",21,"2011-07-29 09:39:00",21,B00045,Casual,"","",""
477,6049,"2011-07-29 07:58:00",21,"2011-07-29 09:39:00",21,B00316,Casual,"","",""
478,2235,"2011-07-29 08:04:00",44,"2011-07-29 08:42:00",44,B00111,Casual,"","",""
479,925,"2011-07-29 08:04:00",25,"2011-07-29 08:19:00",23,B00414,Registered,"'02118",1978.0,Female
480,323,"2011-07-29 08:10:00",25,"2011-07-29 08:15:00",16,B00280,Casual,"","",""
481,7173,"2011-07-29 08:13:00",16,"2011-07-29 10:13:00",5,B00465,Casual,"","",""
482,535,"2011-07-29 08:14:00",25,"2011-07-29 08:23:00",49,B00278,Registered,"'02118",1960.0,Male
483,1292,"2011-07-29 08:17:00",16,"2011-07-29 08:38:00",13,B00002,Casual,"","",""
484,712,"2011-07-29 08:20:00",36,"2011-07-29 08:32:00",12,B00330,Casual,"","",""
485,1143,"2011-07-29 08:19:00",16,"2011-07-29 08:38:00",13,B00279,Casual,"","",""
486,1421,"2011-07-29 08:19:00",43,"2011-07-29 08:43:00",21,B00304,Registered,"'02061",1966.0,Male
487,338,"2011-07-29 08:20:00",33,"2011-07-29 08:26:00",21,B00469,Casual,"","",""
488,419,"2011-07-29 08:22:00",16,"2011-07-29 08:29:00",42,B00495,Casual,"","",""
489,734,"2011-07-29 08:24:00",47,"2011-07-29 08:37:00",49,B00025,Casual,"","",""
490,225,"2011-07-29 08:26:00",23,"2011-07-29 08:30:00",23,B00340,Registered,"'02144",1958.0,Male
491,556,"2011-07-29 08:27:00",25,"2011-07-29 08:37:00",49,B00153,Registered,"'02118",1971.0,Male
492,687,"2011-07-29 08:31:00",33,"2011-07-29 08:43:00",25,B00412,Casual,"","",""
493,474,"2011-07-29 08:32:00",23,"2011-07-29 08:40:00",23,B00414,Casual,"","",""
494,451,"2011-07-29 08:33:00",42,"2011-07-29 08:41:00",22,B00585,Casual,"","",""
495,718,"2011-07-29 08:33:00",40,"2011-07-29 08:45:00",35,B00480,Registered,"'02109",1959.0,Male
496,586,"2011-07-29 08:33:00",38,"2011-07-29 08:43:00",42,B00109,Registered,"'01886",1968.0,Male
497,682,"2011-07-29 08:35:00",39,"2011-07-29 08:46:00",22,B00360,Casual,"","",""
498,1085,"2011-07-29 08:36:00",23,"2011-07-29 08:54:00",46,B00340,Registered,"'02139",1986.0,Male
499,524,"2011-07-29 08:38:00",21,"2011-07-29 08:47:00",42,B00469,Registered,"'02116",1979.0,Male
500,407,"2011-07-29 08:39:00",22,"2011-07-29 08:45:00",42,B00032,Registered,"'01720",1966.0,Male